{
	"parent": "minecraft:block/carved_pumpkin",
	"textures": {
		"layer0": "item/carved_pumpkin"
	},
	
	"overrides": [
		
		{"predicate": {"custom_model_data":100}, "model": "custom/tef/plushies/plushie_default_1"},
		{"predicate": {"custom_model_data":101}, "model": "custom/tef/plushies/plushie_default_2"},
		{"predicate": {"custom_model_data":102}, "model": "custom/tef/plushies/plushie_default_3"},
		{"predicate": {"custom_model_data":103}, "model": "custom/tef/plushies/plushie_wolf"},
		{"predicate": {"custom_model_data":104}, "model": "custom/tef/plushies/plushie_summer"},
		{"predicate": {"custom_model_data":105}, "model": "custom/tef/plushies/plushie_warrior"},
		{"predicate": {"custom_model_data":106}, "model": "custom/tef/plushies/plushie_pirate"},
		{"predicate": {"custom_model_data":107}, "model": "custom/tef/plushies/plushie_franken"},
		{"predicate": {"custom_model_data":108}, "model": "custom/tef/plushies/plushie_robe"},
		{"predicate": {"custom_model_data":109}, "model": "custom/tef/plushies/plushie_lexi"},
		{"predicate": {"custom_model_data":110}, "model": "custom/tef/plushies/plushie_default_4"},
		{"predicate": {"custom_model_data":111}, "model": "custom/tef/plushies/plushie_beach"},
		{"predicate": {"custom_model_data":300}, "model": "custom/quick/armor/eye_patch"},
		{"predicate": {"custom_model_data":301}, "model": "custom/quick/armor/hats/pirate_hat"},
		{"predicate": {"custom_model_data":302}, "model": "custom/quick/armor/hats/pirate_hat_red"},
		{"predicate": {"custom_model_data":303}, "model": "custom/quick/armor/hats/pirate_hat_orange"},
		{"predicate": {"custom_model_data":304}, "model": "custom/quick/armor/hats/pirate_hat_yellow"},
		{"predicate": {"custom_model_data":305}, "model": "custom/quick/armor/hats/pirate_hat_green"},
		{"predicate": {"custom_model_data":306}, "model": "custom/quick/armor/hats/pirate_hat_lime"},
		{"predicate": {"custom_model_data":307}, "model": "custom/quick/armor/hats/pirate_hat_cyan"},
		{"predicate": {"custom_model_data":308}, "model": "custom/quick/armor/hats/pirate_hat_blue"},
		{"predicate": {"custom_model_data":309}, "model": "custom/quick/armor/hats/pirate_hat_dark_blue"},
		{"predicate": {"custom_model_data":310}, "model": "custom/quick/armor/hats/pirate_hat_purple"},
		{"predicate": {"custom_model_data":311}, "model": "custom/quick/armor/hats/pirate_hat_magenta"},
		{"predicate": {"custom_model_data":312}, "model": "custom/quick/armor/hats/pirate_hat_pink"},
		{"predicate": {"custom_model_data":313}, "model": "custom/quick/armor/hats/pirate_hat_brown"},
		{"predicate": {"custom_model_data":314}, "model": "custom/quick/armor/hats/lg-bee-t/ag"},
		{"predicate": {"custom_model_data":315}, "model": "custom/quick/armor/hats/lg-bee-t/an"},
		{"predicate": {"custom_model_data":316}, "model": "custom/quick/armor/hats/lg-bee-t/ar"},
		{"predicate": {"custom_model_data":317}, "model": "custom/quick/armor/hats/lg-bee-t/as"},
		{"predicate": {"custom_model_data":318}, "model": "custom/quick/armor/hats/lg-bee-t/b"},
		{"predicate": {"custom_model_data":319}, "model": "custom/quick/armor/hats/lg-bee-t/gf"},
		{"predicate": {"custom_model_data":320}, "model": "custom/quick/armor/hats/lg-bee-t/gq"},
		{"predicate": {"custom_model_data":321}, "model": "custom/quick/armor/hats/lg-bee-t/i"},
		{"predicate": {"custom_model_data":322}, "model": "custom/quick/armor/hats/lg-bee-t/l"},
		{"predicate": {"custom_model_data":323}, "model": "custom/quick/armor/hats/lg-bee-t/nb"},
		{"predicate": {"custom_model_data":324}, "model": "custom/quick/armor/hats/lg-bee-t/neu"},
		{"predicate": {"custom_model_data":325}, "model": "custom/quick/armor/hats/lg-bee-t/p"},
		{"predicate": {"custom_model_data":326}, "model": "custom/quick/armor/hats/lg-bee-t/pam"},
		{"predicate": {"custom_model_data":327}, "model": "custom/quick/armor/hats/lg-bee-t/pride"},
		{"predicate": {"custom_model_data":328}, "model": "custom/quick/armor/hats/lg-bee-t/ps"},
		{"predicate": {"custom_model_data":329}, "model": "custom/quick/armor/hats/lg-bee-t/t"},
		{"predicate": {"custom_model_data":500}, "model": "custom/wolf/bowtie"}
	]
}