{
    "parent": "item/handheld_rod",
    "textures": {
      "layer0": "minecraft:item/egg"
    },
    "overrides": [
          {"predicate": {"custom_model_data": 1190001},"model": "minecraft:item/custom/eggs/egg_vf"},
          {"predicate": {"custom_model_data": 1190002},"model": "minecraft:item/custom/eggs/egg_vfsymbol"},
          {"predicate": {"custom_model_data": 1190003},"model": "minecraft:item/custom/eggs/egg_obi"},
          {"predicate": {"custom_model_data": 1190004},"model": "minecraft:item/custom/eggs/egg_gold"},
          {"predicate": {"custom_model_data": 1190005},"model": "minecraft:item/custom/eggs/egg_diamond"},
          {"predicate": {"custom_model_data": 1190006},"model": "minecraft:item/custom/eggs/egg_emerald"},
          {"predicate": {"custom_model_data": 1190007},"model": "minecraft:item/custom/eggs/egg_bree"},
          {"predicate": {"custom_model_data": 1190008},"model": "minecraft:item/custom/eggs/egg_jec"},
          {"predicate": {"custom_model_data": 1190009},"model": "minecraft:item/custom/eggs/egg_lexi"},
          {"predicate": {"custom_model_data": 1190010},"model": "minecraft:item/custom/eggs/egg_mea"},
          {"predicate": {"custom_model_data": 1190011},"model": "minecraft:item/custom/eggs/egg_nintii"},
          {"predicate": {"custom_model_data": 1190012},"model": "minecraft:item/custom/eggs/egg_noah"},
          {"predicate": {"custom_model_data": 1190013},"model": "minecraft:item/custom/eggs/egg_quick"},
          {"predicate": {"custom_model_data": 1190014},"model": "minecraft:item/custom/eggs/egg_red"},
          {"predicate": {"custom_model_data": 1190015},"model": "minecraft:item/custom/eggs/egg_tef"},
          {"predicate": {"custom_model_data": 1190016},"model": "minecraft:item/custom/eggs/egg_wolf"},
          {"predicate": {"custom_model_data": 1190017},"model": "minecraft:item/custom/eggs/egg01"},
          {"predicate": {"custom_model_data": 1190018},"model": "minecraft:item/custom/eggs/egg02"},
          {"predicate": {"custom_model_data": 1190019},"model": "minecraft:item/custom/eggs/egg03"},
          {"predicate": {"custom_model_data": 1190020},"model": "minecraft:item/custom/eggs/egg04"},
          {"predicate": {"custom_model_data": 1190021},"model": "minecraft:item/custom/eggs/egg05"},
          {"predicate": {"custom_model_data": 1190022},"model": "minecraft:item/custom/eggs/egg06"}
    ]
}