{
	"parent": "item/generated",
	"textures": {
		"layer0": "item/elytra"
	},
	
	"overrides": [
		{"predicate": {"custom_model_data":1}, "model": "custom/elytra/cherry_elytra_item"},
		{"predicate": {"custom_model_data":1, "broken": 1}, "model": "custom/elytra/broken_cherry_elytra_item"},
	    {"predicate": {"custom_model_data":100}, "model": "custom/tef/armor/elytra"},
		{"predicate": {"custom_model_data":100, "broken": 1}, "model": "custom/tef/armor/elytra/broken_elytra"},
		{"predicate": {"custom_model_data":300}, "model": "custom/quick/armor/elytra/elytra_item"},
		{"predicate": {"custom_model_data":300, "broken": 1}, "model": "custom/quick/armor/elytra/broken_elytra"},
		{"predicate": {"custom_model_data":301}, "model": "custom/quick/armor/elytra/elytra1_item"},
		{"predicate": {"custom_model_data":301, "broken": 1}, "model": "custom/quick/armor/elytra/broken_elytra1"},
		{"predicate": {"custom_model_data":302}, "model": "custom/quick/armor/elytra/elytra2_item"},
		{"predicate": {"custom_model_data":302, "broken": 1}, "model": "custom/quick/armor/elytra/broken_elytra2"},
		{"predicate": {"custom_model_data":303}, "model": "custom/quick/armor/elytra/elytra3_item"},
		{"predicate": {"custom_model_data":303, "broken": 1}, "model": "custom/quick/armor/elytra/broken_elytra3"},
		{"predicate": {"custom_model_data":304}, "model": "custom/quick/armor/elytra/elytra4_item"},
		{"predicate": {"custom_model_data":304, "broken": 1}, "model": "custom/quick/armor/elytra/broken_elytra4"},
		{"predicate": {"custom_model_data":305}, "model": "custom/quick/armor/elytra/elytra5_item"},
		{"predicate": {"custom_model_data":305, "broken": 1}, "model": "custom/quick/armor/elytra/broken_elytra5"},
		{"predicate": {"custom_model_data":306}, "model": "custom/quick/armor/elytra/elytra6_item"},
		{"predicate": {"custom_model_data":306, "broken": 1}, "model": "custom/quick/armor/elytra/broken_elytra6"},
		{"predicate": {"custom_model_data":307}, "model": "custom/quick/armor/elytra/elytra7_item"},
		{"predicate": {"custom_model_data":307, "broken": 1}, "model": "custom/quick/armor/elytra/broken_elytra7"},
		{"predicate": {"custom_model_data":308}, "model": "custom/quick/armor/elytra/elytra8_item"},
		{"predicate": {"custom_model_data":308, "broken": 1}, "model": "custom/quick/armor/elytra/broken_elytra8"},
		{"predicate": {"custom_model_data":309}, "model": "custom/quick/armor/elytra/elytra9_item"},
		{"predicate": {"custom_model_data":309, "broken": 1}, "model": "custom/quick/armor/elytra/broken_elytra9"},
		{"predicate": {"custom_model_data":310}, "model": "custom/quick/armor/elytra/elytra10_item"},
		{"predicate": {"custom_model_data":310, "broken": 1}, "model": "custom/quick/armor/elytra/broken_elytra10"},
		{"predicate": {"custom_model_data":400}, "model": "custom/jec/elytra"},
		{"predicate": {"custom_model_data":400, "broken": 1}, "model": "custom/jec/broken_elytra"}
	]
}