{
	"parent": "item/generated",
	"textures": {
		"layer0": "item/totem_of_undying"
	},
	
	"overrides": [
		{"predicate": {"custom_model_data":2}, "model": "custom/totem_of_undying-cow"},
		{"predicate": {"custom_model_data":3}, "model": "custom/totem_of_undying-enderman"},
		{"predicate": {"custom_model_data":4}, "model": "custom/totem_of_undying-evoker"},
		{"predicate": {"custom_model_data":5}, "model": "custom/totem_of_undying-pillager"},
		{"predicate": {"custom_model_data":6}, "model": "custom/totem_of_undying-white"},
		{"predicate": {"custom_model_data":7}, "model": "custom/totem_of_undying-pig"},
		{"predicate": {"custom_model_data":100}, "model": "custom/tef/totem"},
		{"predicate": {"custom_model_data":101}, "model": "custom/tef/totem2"},
		{"predicate": {"custom_model_data":102}, "model": "custom/tef/totem2void"},
		{"predicate": {"custom_model_data":200}, "model": "custom/noah/totem"},
		{"predicate": {"custom_model_data":300}, "model": "custom/quick/totem"},
		{"predicate": {"custom_model_data":500}, "model": "custom/wolf/coffee_totem"}
		
	]
}